name,description,photo
Menthe Poivrée,,https://media.serge.academy/public/file/20220131101026_cover-68-jpg
Mélisse,,https://media.serge.academy/public/file/20220713133832_cover-324-jpg
Estragon,,https://media.serge.academy/public/file/20220131101059_cover-33-jpg
Ravintsara,,https://media.serge.academy/public/file/20220131101202_cover-92-jpg
Eucalyptus Globulus,,https://media.serge.academy/public/file/20220131101109_cover-35-jpg
Néroli,,https://media.serge.academy/public/file/20220131101143_cover-77-jpg
Camomille Romaine,,https://media.serge.academy/public/file/20220131101041_cover-13-jpg
Géranium Rosat,,https://media.serge.academy/public/file/20220131101129_cover-43-jpg
Origan Compact,,https://media.serge.academy/public/file/20220131101145_cover-80-jpg
Tea Tree,,https://media.serge.academy/public/file/20220131101218_cover-106-jpg
Lavande Aspic,,https://media.serge.academy/public/file/20220131101137_cover-52-jpg
Citronnelle De Java,,https://media.serge.academy/public/file/20220131101055_cover-23-jpg
Laurier Noble,,https://media.serge.academy/public/file/20220131101116_cover-51-jpg
Cannelle,,https://media.serge.academy/public/file/20220131101040_cover-15-jpg
Sarriette Des Montagnes,,https://media.serge.academy/public/file/20220131101205_cover-102-jpg
Clou De Girofle,,https://media.serge.academy/public/file/20220131101117_cover-24-jpg
Gaulthérie Odorante,,https://media.serge.academy/public/file/20220131101119_cover-41-jpg
Chanvre,,https://media.serge.academy/public/file/20220420131835_cover-174-jpg
Basilic Tropical,,https://media.serge.academy/public/file/20220131101031_cover-5-jpg
Eucalyptus Radiata,,https://media.serge.academy/public/file/20220131101110_cover-36-jpg
Ylang Ylang,,https://media.serge.academy/public/file/20220131101225_cover-117-jpg
Nard de l'Himalaya,,https://media.serge.academy/public/file/20220131101141_cover-76-jpg
Tea Tree Citronné,,https://media.serge.academy/public/file/20220413135351_tea-tree-citronne-1500-jpg
Niaouli,,https://media.serge.academy/public/file/20220421143025_niaouli1500-jpg
Carotte,,https://media.serge.academy/public/file/20220131101138_cover-53-jpg
Lavande Vraie,,https://media.serge.academy/public/file/20220131101138_cover-53-jpg
Eucalyptus Citronné,,https://media.serge.academy/public/file/20220131101107_cover-34-jpg
Manuka,,https://media.serge.academy/public/file/20220131101237_cover-61-jpg
Tea tree,,https://media.serge.academy/public/file/20220131101218_cover-106-jpg
Romarin à Camphre,,https://media.serge.academy/public/file/20220131101158_cover-93-jpg